year,level_of_institution,control_of_institution,gender,all_students,american_indian_or_alaska_native,asian,black_or_african_american,hispanic_or_latino,native_hawaiian_or_other_pacific_islander,white,two_or_more_races,race_ethnicity_unknown,nonresident,level_of_institution_footnote
18-19,All 4-year institutions (cohort year 2013),Total,Total,59.5,35.3,73.8,40,52.9,49.7,63.7,55.9,52.6,70.5,2
18-19,All 4-year institutions (cohort year 2013),Total,Men,56.2,32.4,70.3,34.3,48.2,45.6,60.6,52.3,49.7,66.2,2
18-19,All 4-year institutions (cohort year 2013),Total,Women,62.3,37.6,76.9,44.2,56.4,53,66.4,58.6,55.1,75.7,2
18-19,All 4-year institutions (cohort year 2013),Public,Total,57.9,32.8,71.7,39.9,50.3,47.8,61.8,53.4,57.7,67.6,2
18-19,All 4-year institutions (cohort year 2013),Public,Men,54.5,30.3,68.1,33.8,45.5,43.3,58.6,49.7,54.4,63.7,2
18-19,All 4-year institutions (cohort year 2013),Public,Women,60.8,34.9,75.2,44.3,54.1,51.7,64.7,56.4,60.8,72.7,2
18-19,All 4-year institutions (cohort year 2013),Private nonprofit,Total,66.8,44.1,80.5,45.3,63.1,56.5,70.3,64.4,60.1,75.2,2
18-19,All 4-year institutions (cohort year 2013),Private nonprofit,Men,63.1,39.1,78.3,38.6,59,51.5,67,60.6,57.1,70.6,2
18-19,All 4-year institutions (cohort year 2013),Private nonprofit,Women,69.8,48,82.1,50.6,66,60.2,72.9,67.1,62.5,80.2,2
18-19,All 4-year institutions (cohort year 2013),Private for-profit,Total,35.4,32.8,56,24.2,47.8,44.2,36.4,39.6,21.7,62.5,2
18-19,All 4-year institutions (cohort year 2013),Private for-profit,Men,34.4,33,55.3,23.3,44,45,37.5,43.2,20.1,59.7,2
18-19,All 4-year institutions (cohort year 2013),Private for-profit,Women,36,32.8,56.6,24.9,50.1,43.7,35.7,36.7,23.1,65.4,2
18-19,Bachelor's or equivalent degree-seekers attending 4-year institutions and completing bachelor's or equivalent degree (cohort year 2013),Total,Total,63.4,40.8,76.1,44.3,57.9,53.4,66.7,59.3,59,72.3,
18-19,Bachelor's or equivalent degree-seekers attending 4-year institutions and completing bachelor's or equivalent degree (cohort year 2013),Total,Men,59.9,37.9,72.9,38,53.3,49.5,63.4,55.6,55.7,67.7,
18-19,Bachelor's or equivalent degree-seekers attending 4-year institutions and completing bachelor's or equivalent degree (cohort year 2013),Total,Women,66.3,43,78.9,48.9,61.3,56.5,69.4,62.1,62,77.9,
18-19,Bachelor's or equivalent degree-seekers attending 4-year institutions and completing bachelor's or equivalent degree (cohort year 2013),Public,Total,62.4,39.7,74.5,44.7,56.8,54.4,65.3,57.4,64.2,70.3,
18-19,Bachelor's or equivalent degree-seekers attending 4-year institutions and completing bachelor's or equivalent degree (cohort year 2013),Public,Men,59,37.3,71.2,38.4,52,50.1,62.1,53.7,60.9,66,
18-19,Bachelor's or equivalent degree-seekers attending 4-year institutions and completing bachelor's or equivalent degree (cohort year 2013),Public,Women,65.2,41.6,77.6,49,60.4,58.2,68.1,60.3,67.2,76.2,
18-19,Bachelor's or equivalent degree-seekers attending 4-year institutions and completing bachelor's or equivalent degree (cohort year 2013),Private nonprofit,Total,67.9,48.5,81,46.7,63.9,58.2,71,65.5,61.8,75.3,
18-19,Bachelor's or equivalent degree-seekers attending 4-year institutions and completing bachelor's or equivalent degree (cohort year 2013),Private nonprofit,Men,64.1,43,79,39.7,60.1,53.6,67.7,61.8,58.2,70.6,
18-19,Bachelor's or equivalent degree-seekers attending 4-year institutions and completing bachelor's or equivalent degree (cohort year 2013),Private nonprofit,Women,71,52.7,82.5,52.6,66.6,61.6,73.7,68.1,64.6,80.4,
18-19,Bachelor's or equivalent degree-seekers attending 4-year institutions and completing bachelor's or equivalent degree (cohort year 2013),Private for-profit,Total,26.3,14.2,47.2,19.2,29.9,22.4,27.4,33.4,18.1,58.2,
18-19,Bachelor's or equivalent degree-seekers attending 4-year institutions and completing bachelor's or equivalent degree (cohort year 2013),Private for-profit,Men,27.6,19.6,44.8,19.5,29.4,21.6,30.1,38.3,19.5,53.6,
18-19,Bachelor's or equivalent degree-seekers attending 4-year institutions and completing bachelor's or equivalent degree (cohort year 2013),Private for-profit,Women,25.1,10.1,49.8,18.9,30.3,22.9,25,27.6,16.6,62.4,
18-19,2-year institutions (cohort year 2016),Total,Total,34.9,30.9,42.7,28.2,33.5,35.4,37.7,29.2,34.1,36.8,
18-19,2-year institutions (cohort year 2016),Total,Men,33.3,30.3,38.1,25.4,29.9,30.7,37.5,27.5,31.3,34,
18-19,2-year institutions (cohort year 2016),Total,Women,36.4,31.3,47.5,30.5,36.6,39.2,37.9,30.7,36.8,40,
18-19,2-year institutions (cohort year 2016),Public,Total,29.8,24.2,37.6,20.4,26.2,25.6,34.1,24.2,26,35,
18-19,2-year institutions (cohort year 2016),Public,Men,29,24.6,34.4,19.1,23.8,23.1,34,22.8,25.2,32.3,
18-19,2-year institutions (cohort year 2016),Public,Women,30.7,23.8,41.2,21.6,28.5,27.9,34.1,25.5,26.9,38.3,
18-19,2-year institutions (cohort year 2016),Private nonprofit,Total,54.9,36.7,80,42.1,68.7,43.4,59.5,46.5,54.1,71.2,
18-19,2-year institutions (cohort year 2016),Private nonprofit,Men,56.5,30.4,83.3,40.4,66.5,16.7,63.3,44.5,49.5,67.7,
18-19,2-year institutions (cohort year 2016),Private nonprofit,Women,54.2,39.8,78.5,42.7,70.1,51.2,57.4,47.4,56.2,73.7,
18-19,2-year institutions (cohort year 2016),Private for-profit,Total,62.1,60.4,78,50.5,66.9,66.4,66,59.7,61.2,65.8,
18-19,2-year institutions (cohort year 2016),Private for-profit,Men,62.2,61.1,76.4,49.7,65.5,63.2,67,59.4,61.5,73.4,
18-19,2-year institutions (cohort year 2016),Private for-profit,Women,62,59.9,78.9,51,67.8,68.3,65.1,60,61.1,59.3,
18-19,Less-than-2-year institutions (cohort year 2016),Total,Total,68.7,,,,,,,,,,
18-19,Less-than-2-year institutions (cohort year 2016),Public,Total,73.1,,,,,,,,,,
18-19,Less-than-2-year institutions (cohort year 2016),Private nonprofit,Total,72.1,,,,,,,,,,
18-19,Less-than-2-year institutions (cohort year 2016),Private for-profit,Total,67.9,,,,,,,,,,
19-20,All 4-year institutions (cohort year 2014),Total,Total,60.1,36.2,74.7,40.5,53,47.6,64.5,55.9,48.2,70.1,2
19-20,All 4-year institutions (cohort year 2014),Total,Men,56.7,33.1,71.2,34.8,48.3,44.9,61.3,52.2,45.7,65.5,2
19-20,All 4-year institutions (cohort year 2014),Total,Women,62.9,38.6,77.9,44.8,56.6,49.8,67.3,58.8,50.4,75.8,2
19-20,All 4-year institutions (cohort year 2014),Public,Total,58.5,33.5,72.6,40.7,50.5,45.7,62.7,53.4,55.1,67.1,2
19-20,All 4-year institutions (cohort year 2014),Public,Men,55.1,30.8,68.9,34.5,45.4,41.8,59.4,49.5,51.6,63,2
19-20,All 4-year institutions (cohort year 2014),Public,Women,61.5,35.7,76.2,45.1,54.5,49.2,65.5,56.5,58.6,72.8,2
19-20,All 4-year institutions (cohort year 2014),Private nonprofit,Total,66.9,44.9,81.4,44.6,62.9,58,70.6,64.7,54.9,74.9,2
19-20,All 4-year institutions (cohort year 2014),Private nonprofit,Men,63.2,40.8,79.6,38.2,59.4,55.7,67.2,61.4,51.8,70.2,2
19-20,All 4-year institutions (cohort year 2014),Private nonprofit,Women,69.9,48.1,82.6,49.9,65.5,59.8,73.3,67,57.4,80.1,2
19-20,All 4-year institutions (cohort year 2014),Private for-profit,Total,36.1,36.1,59.7,24,48.5,34.4,38.4,35.5,22.3,64.3,2
19-20,All 4-year institutions (cohort year 2014),Private for-profit,Men,35.3,32.5,53.6,22.9,46.2,37.2,39.6,36.1,21,58,2
19-20,All 4-year institutions (cohort year 2014),Private for-profit,Women,36.6,38.4,64.1,24.7,50,32.8,37.5,35.1,23.4,70.2,2
19-20,Bachelor's or equivalent degree-seekers attending 4-year institutions and completing bachelor's or equivalent degree (cohort year 2014),Total,Total,64,41.5,77,45,58.7,52.3,67.4,59.5,54.2,72.1,
19-20,Bachelor's or equivalent degree-seekers attending 4-year institutions and completing bachelor's or equivalent degree (cohort year 2014),Total,Men,60.5,38.2,73.7,38.6,54,48.7,64.1,55.8,51,67.2,
19-20,Bachelor's or equivalent degree-seekers attending 4-year institutions and completing bachelor's or equivalent degree (cohort year 2014),Total,Women,67,43.9,79.9,49.7,62.2,55.3,70.2,62.3,57.1,78.1,
19-20,Bachelor's or equivalent degree-seekers attending 4-year institutions and completing bachelor's or equivalent degree (cohort year 2014),Public,Total,63.1,39.4,75.3,45.7,57.6,51.8,66.2,57.3,62.2,70.2,
19-20,Bachelor's or equivalent degree-seekers attending 4-year institutions and completing bachelor's or equivalent degree (cohort year 2014),Public,Men,59.7,36.5,71.8,39.4,52.4,47.6,63,53.8,58.6,65.7,
19-20,Bachelor's or equivalent degree-seekers attending 4-year institutions and completing bachelor's or equivalent degree (cohort year 2014),Public,Women,66,41.6,78.7,50.1,61.5,55.6,68.9,60.1,65.8,76.7,
19-20,Bachelor's or equivalent degree-seekers attending 4-year institutions and completing bachelor's or equivalent degree (cohort year 2014),Private nonprofit,Total,68,49.6,81.7,46.5,64,59.5,71.3,66.2,56.2,75,
19-20,Bachelor's or equivalent degree-seekers attending 4-year institutions and completing bachelor's or equivalent degree (cohort year 2014),Private nonprofit,Men,64.1,45,80.1,39.6,60.5,56.6,67.7,62.5,52.4,70.2,
19-20,Bachelor's or equivalent degree-seekers attending 4-year institutions and completing bachelor's or equivalent degree (cohort year 2014),Private nonprofit,Women,71.2,53.2,82.9,52.3,66.5,61.7,74.1,68.8,59.3,80.2,
19-20,Bachelor's or equivalent degree-seekers attending 4-year institutions and completing bachelor's or equivalent degree (cohort year 2014),Private for-profit,Total,29,21.3,52.7,19.7,35.9,18.6,31.3,31.1,16.8,61.4,
19-20,Bachelor's or equivalent degree-seekers attending 4-year institutions and completing bachelor's or equivalent degree (cohort year 2014),Private for-profit,Men,30.5,20.2,47.3,19.8,37,20,35,33.3,18.7,52,
19-20,Bachelor's or equivalent degree-seekers attending 4-year institutions and completing bachelor's or equivalent degree (cohort year 2014),Private for-profit,Women,27.5,22.3,58.3,19.6,34.6,17.5,27.5,29,14.8,69.9,
19-20,Total 2-year institutions (cohort year 2017),Total,Total,35.9,36.5,44.3,28,34.3,35.6,38.8,30.6,38.7,40.3,
19-20,Total 2-year institutions (cohort year 2017),Total,Men,34.2,35.8,39.8,25.7,30.8,31.9,38.3,28.9,33.9,37.3,
19-20,Total 2-year institutions (cohort year 2017),Total,Women,37.5,37,49.1,29.9,37.3,39.2,39.3,32.1,42.6,43.7,
19-20,Total 2-year institutions (cohort year 2017),Public,Total,30.8,28.9,39.6,20.8,26.8,21.9,35.2,26,27,38.2,
19-20,Total 2-year institutions (cohort year 2017),Public,Men,29.7,28.9,36.1,19.6,24,20.3,35,24.8,27.1,34.9,
19-20,Total 2-year institutions (cohort year 2017),Public,Women,31.8,28.9,43.6,22.1,29.4,23.7,35.4,27.2,26.9,42,
19-20,Total 2-year institutions (cohort year 2017),Private nonprofit,Total,54.5,41.6,84.2,37.5,61.9,45.9,64.5,46.8,49.1,70.2,
19-20,Total 2-year institutions (cohort year 2017),Private nonprofit,Men,54.8,35.8,70.1,35.9,62.7,53.8,66.3,42.7,37.9,67.9,
19-20,Total 2-year institutions (cohort year 2017),Private nonprofit,Women,54.4,45.5,89.8,38.2,61.4,41.7,63.5,49,51.3,72.5,
19-20,Total 2-year institutions (cohort year 2017),Private for-profit,Total,63.2,64.9,76.9,50.1,69,68.1,66.6,58.7,66.5,67.8,
19-20,Total 2-year institutions (cohort year 2017),Private for-profit,Men,63.2,65,76.4,50.7,67.8,65,66.6,56.8,64.4,74.3,
19-20,Total 2-year institutions (cohort year 2017),Private for-profit,Women,63.2,64.7,77.2,49.8,69.8,70.4,66.5,60.3,67.5,61.1,
19-20,Less-than-2-year institutions (cohort year 2017),Total,Total,69.3,,,,,,,,,,
19-20,Less-than-2-year institutions (cohort year 2017),Public,Total,71.2,,,,,,,,,,
19-20,Less-than-2-year institutions (cohort year 2017),Private nonprofit,Total,74.3,,,,,,,,,,
19-20,Less-than-2-year institutions (cohort year 2017),Private for-profit,Total,68.8,,,,,,,,,,
20-21,All 4-year institutions (cohort year 2015),Total,Total,60.92,38.21,75.43,41.73,53.81,48.9,65.34,56.85,52.87,69.99,2
20-21,All 4-year institutions (cohort year 2015),Total,Men,57.52,34.98,71.93,35.84,48.95,47.34,62.23,53.16,50.37,65.3,2
20-21,All 4-year institutions (cohort year 2015),Total,Women,63.75,40.68,78.53,46.05,57.45,50.23,67.98,59.67,55.08,75.64,2
20-21,All 4-year institutions (cohort year 2015),Public,Total,59.29,36.28,73.47,41.64,51.41,46.46,63.42,54.41,59.58,67,2
20-21,All 4-year institutions (cohort year 2015),Public,Men,55.87,33.39,69.73,35.44,46.32,44.27,60.26,50.77,56.29,63.01,2
20-21,All 4-year institutions (cohort year 2015),Public,Women,62.21,38.59,77.08,46.06,55.34,48.55,66.18,57.27,62.75,72.31,2
20-21,All 4-year institutions (cohort year 2015),Private nonprofit,Total,67.63,47.51,81.7,45.76,63.38,56.58,71.22,65.05,59.77,75.28,2
20-21,All 4-year institutions (cohort year 2015),Private nonprofit,Men,63.84,43.12,79.74,38.86,59.29,55.96,68.05,61,55.46,70.15,2
20-21,All 4-year institutions (cohort year 2015),Private nonprofit,Women,70.66,50.83,83.1,51.35,66.27,57.09,73.78,67.96,63.5,80.64,2
20-21,All 4-year institutions (cohort year 2015),Private for-profit,Total,37.77,31.56,63.21,25.63,49.72,44.27,40.82,38.66,23.26,59.6,2
20-21,All 4-year institutions (cohort year 2015),Private for-profit,Men,37.05,27.09,63.05,25.37,47.19,44.59,41.22,40.35,23.52,50.3,2
20-21,All 4-year institutions (cohort year 2015),Private for-profit,Women,38.26,33.89,63.31,25.79,51.31,44.1,40.54,37.42,23.06,68.49,2
20-21,Bachelor's or equivalent degree-seekers attending 4-year institutions and completing bachelor's or equivalent degree (cohort year 2015),Total,Total,64.57,43.43,77.76,45.73,59.16,53.53,67.91,60.1,57.94,72.62,
20-21,Bachelor's or equivalent degree-seekers attending 4-year institutions and completing bachelor's or equivalent degree (cohort year 2015),Total,Men,61.16,38.98,74.56,39.31,54.49,52.52,64.84,56.35,55.34,67.85,
20-21,Bachelor's or equivalent degree-seekers attending 4-year institutions and completing bachelor's or equivalent degree (cohort year 2015),Total,Women,67.41,46.77,80.58,50.44,62.63,54.42,70.51,62.98,60.23,78.41,
20-21,Bachelor's or equivalent degree-seekers attending 4-year institutions and completing bachelor's or equivalent degree (cohort year 2015),Public,Total,63.64,41.74,76.3,46.15,58.1,53.04,66.65,58.28,65.93,70.87,
20-21,Bachelor's or equivalent degree-seekers attending 4-year institutions and completing bachelor's or equivalent degree (cohort year 2015),Public,Men,60.39,37.75,72.91,39.9,53.18,51.45,63.64,54.69,62.77,66.53,
20-21,Bachelor's or equivalent degree-seekers attending 4-year institutions and completing bachelor's or equivalent degree (cohort year 2015),Public,Women,66.39,44.71,79.55,50.43,61.78,54.51,69.26,61.08,68.93,76.82,
20-21,Bachelor's or equivalent degree-seekers attending 4-year institutions and completing bachelor's or equivalent degree (cohort year 2015),Private nonprofit,Total,68.52,50.78,82.06,47.45,64.13,57.83,71.7,65.84,61,75.57,
20-21,Bachelor's or equivalent degree-seekers attending 4-year institutions and completing bachelor's or equivalent degree (cohort year 2015),Private nonprofit,Men,64.66,44.75,80.2,40.11,60.21,57.43,68.46,61.58,56.6,70.55,
20-21,Bachelor's or equivalent degree-seekers attending 4-year institutions and completing bachelor's or equivalent degree (cohort year 2015),Private nonprofit,Women,71.63,55.37,83.38,53.53,66.93,58.15,74.31,68.93,64.71,80.8,
20-21,Bachelor's or equivalent degree-seekers attending 4-year institutions and completing bachelor's or equivalent degree (cohort year 2015),Private for-profit,Total,29.76,22.58,57.61,20.62,37.92,31.88,32.6,30.33,15.61,60.49,
20-21,Bachelor's or equivalent degree-seekers attending 4-year institutions and completing bachelor's or equivalent degree (cohort year 2015),Private for-profit,Men,31.54,20.93,54.21,22.18,36.98,35.48,36.19,36.07,18.45,50.81,
20-21,Bachelor's or equivalent degree-seekers attending 4-year institutions and completing bachelor's or equivalent degree (cohort year 2015),Private for-profit,Women,28.16,24,60.47,19.14,38.81,28.95,29.22,24.51,13.39,68.24,
20-21,All 2-year institutions (cohort year 2018),Total,Total,36.34,35.63,45.36,28.87,33.75,32.11,39.48,31.2,41.24,41.68,
20-21,All 2-year institutions (cohort year 2018),Total,Men,34.47,33.15,40.99,26.5,30.07,30,39.05,29.81,33.8,37.17,
20-21,All 2-year institutions (cohort year 2018),Total,Women,38.06,37.6,50.16,30.83,36.86,34.08,39.91,32.44,46.7,46.79,
20-21,All 2-year institutions (cohort year 2018),Public,Total,31.41,27.37,41.67,21.43,27.2,21.24,35.91,26.93,28.62,39.4,
20-21,All 2-year institutions (cohort year 2018),Public,Men,30.23,26.56,38,20.05,24.27,20.62,35.72,25.78,26.89,34.9,
20-21,All 2-year institutions (cohort year 2018),Public,Women,32.57,28.06,45.91,22.73,29.8,21.88,36.11,27.98,30.52,44.59,
20-21,All 2-year institutions (cohort year 2018),Private nonprofit,Total,61.06,41.22,76.24,53.07,66.86,46.67,66.04,55.62,56.34,87.76,
20-21,All 2-year institutions (cohort year 2018),Private nonprofit,Men,64.77,38.55,72.34,55.24,66.14,50,73.43,48.46,49.23,86.84,
20-21,All 2-year institutions (cohort year 2018),Private nonprofit,Women,59.61,42.35,77.66,52.35,67.39,44.83,63.1,60.3,57.66,88.62,
20-21,All 2-year institutions (cohort year 2018),Private for-profit,Total,61.17,62.56,74.45,49.14,65.17,63.11,65.74,55.47,62.33,70.27,
20-21,All 2-year institutions (cohort year 2018),Private for-profit,Men,60.51,57.5,71.04,49.71,62.6,63.01,65.95,54.89,56.73,70.88,
20-21,All 2-year institutions (cohort year 2018),Private for-profit,Women,61.64,66.08,77.25,48.78,66.89,63.17,65.54,55.94,64.48,69.74,
20-21,Less-than-2-year institutions (cohort year 2018),Total,Total,68.58,,,,,,,,,,
20-21,Less-than-2-year institutions (cohort year 2018),Public,Total,70.36,,,,,,,,,,
20-21,Less-than-2-year institutions (cohort year 2018),Private nonprofit,Total,72.56,,,,,,,,,,
20-21,Less-than-2-year institutions (cohort year 2018),Private for-profit,Total,68.11,,,,,,,,,,
21-22,All 4-year institutions1 (cohort year 2016),Total,Total,61.1,37.8,75.8,42.5,54.1,47.4,65.4,57,54,70.7,
21-22,All 4-year institutions1 (cohort year 2016),Total,Women,64.1,40.8,78.9,47.1,57.7,51.3,68.3,59.9,56.3,75.4,
21-22,All 4-year institutions1 (cohort year 2016),Total,Men,57.6,34,72.2,36.4,49.2,42.8,62.1,53.3,51.3,66.7,
21-22,All 4-year institutions1 (cohort year 2016),Public,Total,59.2,36.7,73.7,42.1,51.7,44.2,63.3,54.5,57.5,67.3,
21-22,All 4-year institutions1 (cohort year 2016),Public,Women,62.1,39.3,77,46.6,55.6,48.2,66.1,57.2,59.5,71.6,
21-22,All 4-year institutions1 (cohort year 2016),Public,Men,55.8,33.3,70.2,35.7,46.6,40,60,51,55.3,64.1,
21-22,All 4-year institutions1 (cohort year 2016),Private nonprofit,Total,67.8,42.2,82.2,46,63.3,56.1,71.5,65.9,58.5,76.5,
21-22,All 4-year institutions1 (cohort year 2016),Private nonprofit,Women,70.9,46,84,51.6,66.1,60.8,74.3,68.9,61.7,81.2,
21-22,All 4-year institutions1 (cohort year 2016),Private nonprofit,Men,63.8,37.6,79.5,39.1,59.3,50,68,61.7,54.6,72,
21-22,All 4-year institutions1 (cohort year 2016),Private for-profit,Total,42.5,35.7,69.9,31.2,52.3,44.5,44.9,39.2,28.8,62.2,
21-22,All 4-year institutions1 (cohort year 2016),Private for-profit,Women,43.7,39.9,70.8,32.4,54.3,45.1,45.1,40,28.2,68.5,
21-22,All 4-year institutions1 (cohort year 2016),Private for-profit,Men,40.8,27.3,68.7,29.6,49.3,43.4,44.6,38.3,29.4,54,
21-22,Bachelor's or equivalent degree-seekers attending 4-year institutions and completing bachelor's or equivalent degree (cohort year 2016),Total,Total,64.6,42.6,78,45.9,59.3,51.6,68,60.5,58.1,72.9,
21-22,Bachelor's or equivalent degree-seekers attending 4-year institutions and completing bachelor's or equivalent degree (cohort year 2016),Total,Women,67.5,45.3,80.9,50.9,62.7,55.6,70.7,63.3,60.5,77.7,
21-22,Bachelor's or equivalent degree-seekers attending 4-year institutions and completing bachelor's or equivalent degree (cohort year 2016),Total,Men,61.1,39,74.7,39.2,54.6,46.8,64.7,56.7,55.2,68.7,
21-22,Bachelor's or equivalent degree-seekers attending 4-year institutions and completing bachelor's or equivalent degree (cohort year 2016),Public,Total,63.5,41.8,76.5,46.2,58.1,50.5,66.5,58.5,63.3,70.5,
21-22,Bachelor's or equivalent degree-seekers attending 4-year institutions and completing bachelor's or equivalent degree (cohort year 2016),Public,Women,66.2,44,79.6,50.6,61.8,54.1,69.2,61.2,64.9,75.3,
21-22,Bachelor's or equivalent degree-seekers attending 4-year institutions and completing bachelor's or equivalent degree (cohort year 2016),Public,Men,60.2,38.9,73.3,39.7,53.2,46.5,63.4,55.1,61.6,66.9,
21-22,Bachelor's or equivalent degree-seekers attending 4-year institutions and completing bachelor's or equivalent degree (cohort year 2016),Private nonprofit,Total,68.6,47.2,82.5,47.3,64.4,56.7,72,66.6,59.4,76.7,
21-22,Bachelor's or equivalent degree-seekers attending 4-year institutions and completing bachelor's or equivalent degree (cohort year 2016),Private nonprofit,Women,71.9,51.8,84.2,53.7,67.2,61.4,74.7,69.7,62.8,81.3,
21-22,Bachelor's or equivalent degree-seekers attending 4-year institutions and completing bachelor's or equivalent degree (cohort year 2016),Private nonprofit,Men,64.5,41.5,80,39.7,60.4,50.5,68.4,62.3,55.2,72.3,
21-22,Bachelor's or equivalent degree-seekers attending 4-year institutions and completing bachelor's or equivalent degree (cohort year 2016),Private for-profit,Total,33.6,21.5,61.4,24.3,39,27.8,35,31.8,23.2,61.6,
21-22,Bachelor's or equivalent degree-seekers attending 4-year institutions and completing bachelor's or equivalent degree (cohort year 2016),Private for-profit,Women,32.8,21.3,62,24.5,38.7,29.4,31.8,31,20.7,68.2,
21-22,Bachelor's or equivalent degree-seekers attending 4-year institutions and completing bachelor's or equivalent degree (cohort year 2016),Private for-profit,Men,34.5,21.7,60.8,24.1,39.3,25.9,38.2,32.7,25.5,51.9,
21-22,All 2-year institutions (cohort year 2019),Total,Total,35.5,31.3,45.3,27.1,32.6,29.4,39.4,30.2,37.4,41,
21-22,All 2-year institutions (cohort year 2019),Total,Women,37,32.1,49.8,28.8,35.5,30.7,40.1,31.5,40.1,45.6,
21-22,All 2-year institutions (cohort year 2019),Total,Men,33.8,30.4,41.1,24.9,29.2,27.9,38.8,28.8,34.5,36.8,
21-22,All 2-year institutions (cohort year 2019),Public,Total,31.2,26.4,42.3,20.7,26.9,22.5,36.1,26.9,29,39.9,
21-22,All 2-year institutions (cohort year 2019),Public,Women,32.4,27.2,46.5,21.7,29.3,23.2,36.5,28.3,30.6,44.6,
21-22,All 2-year institutions (cohort year 2019),Public,Men,30,25.5,38.6,19.6,24,21.7,35.7,25.3,27.6,35.8,
21-22,All 2-year institutions (cohort year 2019),Private nonprofit,Total,58,44.2,85.5,44.9,61.8,51.9,65.9,48.1,58.4,74.1,
21-22,All 2-year institutions (cohort year 2019),Private nonprofit,Women,57.3,45.7,84,45.3,59.9,45.7,64.9,48.8,58.7,72,
21-22,All 2-year institutions (cohort year 2019),Private nonprofit,Men,60,38.6,88.4,43.6,64.1,87.5,68.6,47.1,56.9,77.1,
21-22,All 2-year institutions (cohort year 2019),Private for-profit,Total,56.4,50.6,67.9,45.5,61,49.7,62.2,49.8,50.9,57.7,
21-22,All 2-year institutions (cohort year 2019),Private for-profit,Women,56.7,50.6,68.8,45.3,62.3,49.4,62.5,49.6,52.4,55.3,
21-22,All 2-year institutions (cohort year 2019),Private for-profit,Men,56,50.5,66.5,45.8,58.9,50.2,61.8,50.1,48.9,61.9,
21-22,All less-than-2-year institutions (cohort year 2019),Total,Total,65.2,,,,,,,,,,
21-22,All less-than-2-year institutions (cohort year 2019),Public,Total,66.8,,,,,,,,,,
21-22,All less-than-2-year institutions (cohort year 2019),Private nonprofit,Total,68.2,,,,,,,,,,
21-22,All less-than-2-year institutions (cohort year 2019),Private for-profit,Total,64.9,,,,,,,,,,
22-23,All 4-year institutions1 (cohort year 2017),Total,Total,61,37.9,75.8,41.8,53.4,48.8,65.6,57.2,54.9,71.1,
22-23,All 4-year institutions1 (cohort year 2017),Total,Men,57.3,34,72.1,35.8,48.3,46.5,62.1,53.5,51.3,67.4,
22-23,All 4-year institutions1 (cohort year 2017),Total,Women,64,40.8,79.1,46.3,57.2,50.7,68.5,60,58.1,75.4,
22-23,All 4-year institutions1 (cohort year 2017),Public,Total,58.8,34.8,73.9,40.5,50.9,45.5,63.4,54.6,56.3,67.3,
22-23,All 4-year institutions1 (cohort year 2017),Public,Men,55.2,31.3,70.2,34.4,45.5,43.6,59.9,51.2,53,64.4,
22-23,All 4-year institutions1 (cohort year 2017),Public,Women,61.8,37.5,77.5,44.8,54.9,47.3,66.5,57.3,59.4,70.9,
22-23,All 4-year institutions1 (cohort year 2017),Private nonprofit,Total,67.8,48.2,81.8,46.7,62.6,53.7,71.5,65.6,59.9,77,
22-23,All 4-year institutions1 (cohort year 2017),Private nonprofit,Men,63.8,42.8,79.2,39.5,58.2,50.4,68.1,61.4,55.2,72.6,
22-23,All 4-year institutions1 (cohort year 2017),Private nonprofit,Women,71.1,52.3,83.6,52.6,65.7,56.5,74.3,68.6,63.8,81.6,
22-23,All 4-year institutions1 (cohort year 2017),Private for-profit,Total,44.4,39,65.1,31.7,54.5,52.5,45.4,41.9,32.8,64.2,
22-23,All 4-year institutions1 (cohort year 2017),Private for-profit,Men,42.9,36.2,61.5,31.9,53.1,53,44.7,41.8,28.3,58.8,
22-23,All 4-year institutions1 (cohort year 2017),Private for-profit,Women,45.4,40.4,68,31.5,55.5,52.3,45.9,42,36,69.1,
22-23,Bachelor's or equivalent degree-seekers attending 4-year institutions and completing bachelor's or equivalent degree (cohort year 2017),Total,Total,64.5,41.3,78.3,45.4,58.6,50.5,68.1,60.5,58.8,73.5,
22-23,Bachelor's or equivalent degree-seekers attending 4-year institutions and completing bachelor's or equivalent degree (cohort year 2017),Total,Men,60.9,37.8,75,38.7,53.7,49.6,64.7,56.9,55.5,69.6,
22-23,Bachelor's or equivalent degree-seekers attending 4-year institutions and completing bachelor's or equivalent degree (cohort year 2017),Total,Women,67.5,43.7,81.1,50.3,62.2,51.2,71,63.2,61.7,78,
22-23,Bachelor's or equivalent degree-seekers attending 4-year institutions and completing bachelor's or equivalent degree (cohort year 2017),Public,Total,63.4,40.2,77,45.1,57.6,52.6,66.8,58.8,62.9,71.1,
22-23,Bachelor's or equivalent degree-seekers attending 4-year institutions and completing bachelor's or equivalent degree (cohort year 2017),Public,Men,59.9,36.2,73.6,38.6,52.4,51,63.4,55.5,60.2,67.9,
22-23,Bachelor's or equivalent degree-seekers attending 4-year institutions and completing bachelor's or equivalent degree (cohort year 2017),Public,Women,66.3,43.1,80.1,49.5,61.4,54.2,69.7,61.3,65.3,75.3,
22-23,Bachelor's or equivalent degree-seekers attending 4-year institutions and completing bachelor's or equivalent degree (cohort year 2017),Private nonprofit,Total,68.5,50.4,82.2,47.6,63.3,54.5,72,66.2,60.9,77,
22-23,Bachelor's or equivalent degree-seekers attending 4-year institutions and completing bachelor's or equivalent degree (cohort year 2017),Private nonprofit,Men,64.4,45.6,79.7,40,58.9,51.1,68.4,61.8,56.1,72.6,
22-23,Bachelor's or equivalent degree-seekers attending 4-year institutions and completing bachelor's or equivalent degree (cohort year 2017),Private nonprofit,Women,71.8,54,83.9,54.1,66.4,57.4,74.8,69.4,64.9,81.6,
22-23,Bachelor's or equivalent degree-seekers attending 4-year institutions and completing bachelor's or equivalent degree (cohort year 2017),Private for-profit,Total,32.3,10.6,55.5,25.7,36.9,14.2,33.1,29.6,20,63.5,
22-23,Bachelor's or equivalent degree-seekers attending 4-year institutions and completing bachelor's or equivalent degree (cohort year 2017),Private for-profit,Men,34.7,17.2,55.8,27.3,38.9,23.2,37.2,32.8,21,56.9,
22-23,Bachelor's or equivalent degree-seekers attending 4-year institutions and completing bachelor's or equivalent degree (cohort year 2017),Private for-profit,Women,30.1,7,55.2,24,35.2,9.9,29.2,26.4,19.1,69.2,
22-23,All 2-year institutions (cohort year 2020),Total,Total,39.4,38.4,47.7,32.8,37.2,38.8,42.3,34.8,41.1,43.2,
22-23,All 2-year institutions (cohort year 2020),Total,Men,39,39,44.5,30.8,36.1,40.4,42.7,35,38.1,39.6,
22-23,All 2-year institutions (cohort year 2020),Total,Women,39.7,37.9,51,34.1,38.1,37.7,41.9,34.6,43.6,46.8,
22-23,All 2-year institutions (cohort year 2020),Public,Total,33.8,29.1,44.2,24,29.6,26.4,38.1,29.9,30.2,40.6,
22-23,All 2-year institutions (cohort year 2020),Public,Men,33.9,31.5,41.4,23.3,28.2,29.9,38.9,29.9,29.9,37.4,
22-23,All 2-year institutions (cohort year 2020),Public,Women,33.8,27.4,47.2,24.5,30.7,23.6,37.3,30,30.5,43.8,
22-23,All 2-year institutions (cohort year 2020),Private nonprofit,Total,58.5,51,83.9,47.2,63.2,46.1,67.2,46.3,64.4,93.3,
22-23,All 2-year institutions (cohort year 2020),Private nonprofit,Men,57,36.5,83.3,38.9,65.5,56.3,68,38.1,63.1,92.2,
22-23,All 2-year institutions (cohort year 2020),Private nonprofit,Women,58.8,53.6,84.2,48.8,61.8,44.4,67,51.2,64.5,94.6,
22-23,All 2-year institutions (cohort year 2020),Private for-profit,Total,60,59.1,71.5,48.4,64.9,61.4,65,55.9,55.6,70.1,
22-23,All 2-year institutions (cohort year 2020),Private for-profit,Men,62,59.9,73,51.7,66.4,66.8,66.1,58.5,52.3,66.1,
22-23,All 2-year institutions (cohort year 2020),Private for-profit,Women,58.5,58.6,70.4,46.7,63.9,58.8,64,53.8,58.1,72.1,
22-23,Less-than-2-year institutions (cohort year 2020),Total,Total,68.6,,,,,,,,,,
22-23,Less-than-2-year institutions (cohort year 2020),Public,Total,71.9,,,,,,,,,,
22-23,Less-than-2-year institutions (cohort year 2020),Private nonprofit,Total,67.7,,,,,,,,,,
22-23,Less-than-2-year institutions (cohort year 2020),Private for-profit,Total,68.1,,,,,,,,,,
23-24,All 4-year institutions1 (cohort year 2018),Total,Total,61,37.4,76.1,42.2,53.1,47.5,65.5,57,54.9,71.2,
23-24,All 4-year institutions1 (cohort year 2018),Total,Men,57.3,34.7,72.5,35.9,48.2,43.9,62,53.3,51,67.4,
23-24,All 4-year institutions1 (cohort year 2018),Total,Women,64,39.4,79.3,46.7,56.7,50.5,68.5,59.8,58.4,75.4,
23-24,All 4-year institutions1 (cohort year 2018),Public,Total,58.9,34.6,74.3,41.3,50.5,44.6,63.6,54.7,57,67.6,
23-24,All 4-year institutions1 (cohort year 2018),Public,Men,55.3,32.3,70.5,34.8,45.2,41.6,60,51.1,53.2,64.9,
23-24,All 4-year institutions1 (cohort year 2018),Public,Women,61.9,36.3,77.8,45.8,54.5,47.3,66.6,57.4,60.6,71,
23-24,All 4-year institutions1 (cohort year 2018),Private nonprofit,Total,67.7,47.8,82,46.4,63.1,54.4,71.2,64.6,59.2,76.5,
23-24,All 4-year institutions1 (cohort year 2018),Private nonprofit,Men,63.7,43.7,79.6,39.6,59.4,48.5,67.6,60.6,54.5,71.8,
23-24,All 4-year institutions1 (cohort year 2018),Private nonprofit,Women,70.9,51,83.7,52.1,65.6,59,74.1,67.5,63.3,81.2,
23-24,All 4-year institutions1 (cohort year 2018),Private for-profit,Total,42.9,34,64.4,30.6,51.7,45,43.3,41.4,35.7,65.3,
23-24,All 4-year institutions1 (cohort year 2018),Private for-profit,Men,40.4,29.1,59.1,28.5,49.7,46.6,42.2,40.6,31.6,57,
23-24,All 4-year institutions1 (cohort year 2018),Private for-profit,Women,44.7,36.7,67.8,32.2,53.1,44.1,44.1,42.1,38.9,72,
23-24,Bachelor's or equivalent degree-seekers attending 4-year institutions and completing bachelor's or equivalent degree (cohort year 2018),Total,Total,64.8,41.9,78.6,45.6,59.1,52,68.2,60.7,59.3,73.6,
23-24,Bachelor's or equivalent degree-seekers attending 4-year institutions and completing bachelor's or equivalent degree (cohort year 2018),Total,Men,61.1,39.4,75.3,38.8,54.5,47.9,64.7,57.1,55.6,69.7,
23-24,Bachelor's or equivalent degree-seekers attending 4-year institutions and completing bachelor's or equivalent degree (cohort year 2018),Total,Women,67.7,43.7,81.5,50.5,62.4,55.4,71.1,63.4,62.7,78.1,
23-24,Bachelor's or equivalent degree-seekers attending 4-year institutions and completing bachelor's or equivalent degree (cohort year 2018),Public,Total,63.8,40,77.4,45.7,58,51.8,67.1,59.3,64.2,71.6,
23-24,Bachelor's or equivalent degree-seekers attending 4-year institutions and completing bachelor's or equivalent degree (cohort year 2018),Public,Men,60.4,37.7,74,38.9,52.9,48,63.7,55.9,60.8,68.6,
23-24,Bachelor's or equivalent degree-seekers attending 4-year institutions and completing bachelor's or equivalent degree (cohort year 2018),Public,Women,66.7,41.6,80.7,50.1,61.7,55.1,70,61.9,67.3,75.4,
23-24,Bachelor's or equivalent degree-seekers attending 4-year institutions and completing bachelor's or equivalent degree (cohort year 2018),Private nonprofit,Total,68.2,49.3,82.2,47.2,63.6,54.8,71.4,65.1,60,76.5,
23-24,Bachelor's or equivalent degree-seekers attending 4-year institutions and completing bachelor's or equivalent degree (cohort year 2018),Private nonprofit,Men,64.1,46.5,79.9,39.9,60.1,49.2,67.7,61.1,55,71.8,
23-24,Bachelor's or equivalent degree-seekers attending 4-year institutions and completing bachelor's or equivalent degree (cohort year 2018),Private nonprofit,Women,71.5,51.4,83.8,53.3,66.1,58.9,74.4,68,64.2,81.3,
23-24,Bachelor's or equivalent degree-seekers attending 4-year institutions and completing bachelor's or equivalent degree (cohort year 2018),Private for-profit,Total,34,22.2,55,23.5,39.2,31.9,34.4,32.5,25.4,64.5,
23-24,Bachelor's or equivalent degree-seekers attending 4-year institutions and completing bachelor's or equivalent degree (cohort year 2018),Private for-profit,Men,34.4,21.5,49,23.5,39,35.3,36.7,35.1,27.8,54,
23-24,Bachelor's or equivalent degree-seekers attending 4-year institutions and completing bachelor's or equivalent degree (cohort year 2018),Private for-profit,Women,33.6,23,60.5,23.5,39.3,29.4,32.1,29.8,22.9,72.6,
23-24,All 2-year institutions (cohort year 2021),Total,Total,42.7,40.6,49.7,35.3,41.5,42.8,45.5,38.2,43.9,43.3,
23-24,All 2-year institutions (cohort year 2021),Total,Men,42,40.3,45.8,32.6,40,38.8,45.9,38.7,41.5,40.5,
23-24,All 2-year institutions (cohort year 2021),Total,Women,43.3,40.8,53.8,37.2,42.8,45.9,45.1,37.7,45.8,46.5,
23-24,All 2-year institutions (cohort year 2021),Public,Total,36.7,31.9,45.4,25.6,32.2,28.7,41.5,32.8,34.2,41.5,
23-24,All 2-year institutions (cohort year 2021),Public,Men,36.8,33,42.7,24.7,31.2,28.1,42.2,33.1,33.9,38.9,
23-24,All 2-year institutions (cohort year 2021),Public,Women,36.6,31,48.4,26.4,33.1,29.3,40.6,32.5,34.6,44.5,
23-24,All 2-year institutions (cohort year 2021),Private nonprofit,Total,59.3,58.2,87.6,47.1,68.1,52.5,68.3,58.9,60.4,86.7,
23-24,All 2-year institutions (cohort year 2021),Private nonprofit,Men,61,55.4,88.4,38.6,72.3,72.2,74.3,56.3,49.1,83,
23-24,All 2-year institutions (cohort year 2021),Private nonprofit,Women,58.8,58.9,87.3,48.7,65.3,49,66.9,61.1,64.7,90.3,
23-24,All 2-year institutions (cohort year 2021),Private for-profit,Total,64.6,59.5,77.3,53.4,70.2,65.5,67.8,60.1,59.7,69.3,
23-24,All 2-year institutions (cohort year 2021),Private for-profit,Men,65.8,59.3,73,55.7,70.3,61.1,68.2,61.3,62.3,69.1,
23-24,All 2-year institutions (cohort year 2021),Private for-profit,Women,63.7,59.6,80,52.2,70.2,68.2,67.3,58.9,58.4,69.3,
23-24,Less-than-2-year institutions (cohort year 2021),Total,Total,71.2,,,,,,,,,,
23-24,Less-than-2-year institutions (cohort year 2021),Public,Total,72.1,,,,,,,,,,
23-24,Less-than-2-year institutions (cohort year 2021),Private nonprofit,Total,76,,,,,,,,,,
23-24,Less-than-2-year institutions (cohort year 2021),Private for-profit,Total,70.8,,,,,,,,,,
