Year,Level of institution,Control of institution,Gender,All students,American Indian or Alaska Native,Asian,Black or African American,Hispanic or Latino,Native Hawaiian or Other Pacific Islander,White,Two or more races,Race/ethnicity unknown,Nonresident
18-19,All 4-year institutions (cohort year 2013)2,Total,Total,59.5,35.30000000000001,73.8,40,52.9,49.7,63.7,55.9,52.6,70.5
18-19,All 4-year institutions (cohort year 2013)2,Total,Men,56.2,32.4,70.3,34.30000000000001,48.2,45.6,60.6,52.3,49.7,66.2
18-19,All 4-year institutions (cohort year 2013)2,Total,Women,62.3,37.6,76.9,44.2,56.4,53,66.4,58.6,55.1,75.7
18-19,All 4-year institutions (cohort year 2013)2,Public,Total,57.9,32.80000000000001,71.7,39.9,50.3,47.8,61.8,53.4,57.7,67.6
18-19,All 4-year institutions (cohort year 2013)2,Public,Men,54.5,30.3,68.1,33.80000000000001,45.5,43.3,58.6,49.7,54.4,63.7
18-19,All 4-year institutions (cohort year 2013)2,Public,Women,60.8,34.9,75.2,44.3,54.1,51.7,64.7,56.4,60.8,72.7
18-19,All 4-year institutions (cohort year 2013)2,Private nonprofit,Total,66.8,44.1,80.5,45.3,63.1,56.5,70.3,64.4,60.1,75.2
18-19,All 4-year institutions (cohort year 2013)2,Private nonprofit,Men,63.1,39.1,78.3,38.6,59,51.5,67,60.6,57.1,70.6
18-19,All 4-year institutions (cohort year 2013)2,Private nonprofit,Women,69.8,48,82.1,50.6,66,60.2,72.9,67.1,62.5,80.2
18-19,All 4-year institutions (cohort year 2013)2,Private for-profit,Total,35.4,32.80000000000001,56,24.2,47.8,44.2,36.4,39.6,21.7,62.5
18-19,All 4-year institutions (cohort year 2013)2,Private for-profit,Men,34.4,33,55.3,23.3,44,45,37.5,43.2,20.1,59.7
18-19,All 4-year institutions (cohort year 2013)2,Private for-profit,Women,36,32.80000000000001,56.6,24.9,50.1,43.7,35.7,36.7,23.1,65.4
18-19,Bachelor's or equivalent degree-seekers attending 4-year institutions and completing bachelor's or equivalent degree (cohort year 2013),Total,Total,63.4,40.80000000000001,76.1,44.3,57.9,53.4,66.7,59.3,59,72.3
18-19,Bachelor's or equivalent degree-seekers attending 4-year institutions and completing bachelor's or equivalent degree (cohort year 2013),Total,Men,59.9,37.9,72.9,38,53.3,49.5,63.4,55.6,55.7,67.7
18-19,Bachelor's or equivalent degree-seekers attending 4-year institutions and completing bachelor's or equivalent degree (cohort year 2013),Total,Women,66.3,43,78.9,48.9,61.3,56.5,69.4,62.1,62,77.9
18-19,Bachelor's or equivalent degree-seekers attending 4-year institutions and completing bachelor's or equivalent degree (cohort year 2013),Public,Total,62.4,39.7,74.5,44.7,56.8,54.4,65.3,57.4,64.2,70.3
18-19,Bachelor's or equivalent degree-seekers attending 4-year institutions and completing bachelor's or equivalent degree (cohort year 2013),Public,Men,59,37.30000000000001,71.2,38.4,52,50.1,62.1,53.7,60.9,66
18-19,Bachelor's or equivalent degree-seekers attending 4-year institutions and completing bachelor's or equivalent degree (cohort year 2013),Public,Women,65.2,41.6,77.6,49,60.4,58.2,68.1,60.3,67.2,76.2
18-19,Bachelor's or equivalent degree-seekers attending 4-year institutions and completing bachelor's or equivalent degree (cohort year 2013),Private nonprofit,Total,67.9,48.5,81,46.7,63.9,58.2,71,65.5,61.8,75.3
18-19,Bachelor's or equivalent degree-seekers attending 4-year institutions and completing bachelor's or equivalent degree (cohort year 2013),Private nonprofit,Men,64.1,43,79,39.7,60.1,53.6,67.7,61.8,58.2,70.6
18-19,Bachelor's or equivalent degree-seekers attending 4-year institutions and completing bachelor's or equivalent degree (cohort year 2013),Private nonprofit,Women,71,52.7,82.5,52.6,66.6,61.6,73.7,68.1,64.6,80.4
18-19,Bachelor's or equivalent degree-seekers attending 4-year institutions and completing bachelor's or equivalent degree (cohort year 2013),Private for-profit,Total,26.3,14.2,47.2,19.2,29.9,22.4,27.4,33.4,18.1,58.2
18-19,Bachelor's or equivalent degree-seekers attending 4-year institutions and completing bachelor's or equivalent degree (cohort year 2013),Private for-profit,Men,27.6,19.6,44.8,19.5,29.4,21.6,30.1,38.30000000000001,19.5,53.6
18-19,Bachelor's or equivalent degree-seekers attending 4-year institutions and completing bachelor's or equivalent degree (cohort year 2013),Private for-profit,Women,25.1,10.1,49.8,18.9,30.3,22.9,25,27.6,16.6,62.4
18-19,2-year institutions (cohort year 2016),Total,Total,34.9,30.9,42.7,28.2,33.5,35.4,37.7,29.2,34.1,36.80000000000001
18-19,2-year institutions (cohort year 2016),Total,Men,33.30000000000001,30.3,38.1,25.4,29.9,30.7,37.5,27.5,31.3,34
18-19,2-year institutions (cohort year 2016),Total,Women,36.4,31.3,47.5,30.5,36.6,39.2,37.9,30.7,36.80000000000001,40
18-19,2-year institutions (cohort year 2016),Public,Total,29.8,24.2,37.6,20.4,26.2,25.6,34.1,24.2,26,35
18-19,2-year institutions (cohort year 2016),Public,Men,29,24.6,34.4,19.1,23.8,23.1,34,22.8,25.2,32.30000000000001
18-19,2-year institutions (cohort year 2016),Public,Women,30.7,23.8,41.2,21.6,28.5,27.9,34.1,25.5,26.9,38.30000000000001
18-19,2-year institutions (cohort year 2016),Private nonprofit,Total,54.9,36.7,80,42.1,68.7,43.4,59.5,46.5,54.1,71.2
18-19,2-year institutions (cohort year 2016),Private nonprofit,Men,56.5,30.4,83.3,40.4,66.5,16.7,63.3,44.5,49.5,67.7
18-19,2-year institutions (cohort year 2016),Private nonprofit,Women,54.2,39.80000000000001,78.5,42.7,70.1,51.2,57.4,47.4,56.2,73.7
18-19,2-year institutions (cohort year 2016),Private for-profit,Total,62.1,60.4,78,50.5,66.9,66.4,66,59.7,61.2,65.8
18-19,2-year institutions (cohort year 2016),Private for-profit,Men,62.2,61.1,76.4,49.7,65.5,63.2,67,59.4,61.5,73.4
18-19,2-year institutions (cohort year 2016),Private for-profit,Women,62,59.9,78.9,51,67.8,68.3,65.1,60,61.1,59.3
18-19,Less-than-2-year institutions (cohort year 2016),Total,Total,68.7,NA,NA,NA,NA,NA,NA,NA,NA,NA
18-19,Less-than-2-year institutions (cohort year 2016),Public,Total,73.1,NA,NA,NA,NA,NA,NA,NA,NA,NA
18-19,Less-than-2-year institutions (cohort year 2016),Private nonprofit,Total,72.1,NA,NA,NA,NA,NA,NA,NA,NA,NA
18-19,Less-than-2-year institutions (cohort year 2016),Private for-profit,Total,67.9,NA,NA,NA,NA,NA,NA,NA,NA,NA
19-20,All 4-year institutions (cohort year 2014)2,Total,Total,60.1,36.2,74.7,40.5,53,47.6,64.5,55.9,48.2,70.1
19-20,All 4-year institutions (cohort year 2014)2,Total,Men,56.7,33.1,71.2,34.80000000000001,48.3,44.9,61.3,52.2,45.7,65.5
19-20,All 4-year institutions (cohort year 2014)2,Total,Women,62.9,38.6,77.9,44.8,56.6,49.8,67.3,58.8,50.4,75.8
19-20,All 4-year institutions (cohort year 2014)2,Public,Total,58.5,33.5,72.6,40.7,50.5,45.7,62.7,53.4,55.1,67.1
19-20,All 4-year institutions (cohort year 2014)2,Public,Men,55.1,30.8,68.9,34.5,45.4,41.8,59.4,49.5,51.6,63
19-20,All 4-year institutions (cohort year 2014)2,Public,Women,61.5,35.7,76.2,45.1,54.5,49.2,65.5,56.5,58.6,72.8
19-20,All 4-year institutions (cohort year 2014)2,Private nonprofit,Total,66.9,44.9,81.4,44.6,62.9,58,70.6,64.7,54.9,74.9
19-20,All 4-year institutions (cohort year 2014)2,Private nonprofit,Men,63.2,40.80000000000001,79.6,38.2,59.4,55.7,67.2,61.4,51.8,70.2
19-20,All 4-year institutions (cohort year 2014)2,Private nonprofit,Women,69.9,48.1,82.6,49.9,65.5,59.8,73.3,67,57.4,80.1
19-20,All 4-year institutions (cohort year 2014)2,Private for-profit,Total,36.1,36.1,59.7,24,48.5,34.4,38.4,35.5,22.3,64.3
19-20,All 4-year institutions (cohort year 2014)2,Private for-profit,Men,35.30000000000001,32.5,53.6,22.9,46.2,37.2,39.6,36.1,21,58
19-20,All 4-year institutions (cohort year 2014)2,Private for-profit,Women,36.6,38.4,64.1,24.7,50,32.80000000000001,37.5,35.1,23.4,70.2
19-20,Bachelor's or equivalent degree-seekers attending 4-year institutions and completing bachelor's or equivalent degree (cohort year 2014),Total,Total,64,41.5,77,45,58.7,52.3,67.4,59.5,54.2,72.1
19-20,Bachelor's or equivalent degree-seekers attending 4-year institutions and completing bachelor's or equivalent degree (cohort year 2014),Total,Men,60.5,38.2,73.7,38.6,54,48.7,64.1,55.8,51,67.2
19-20,Bachelor's or equivalent degree-seekers attending 4-year institutions and completing bachelor's or equivalent degree (cohort year 2014),Total,Women,67,43.9,79.9,49.7,62.2,55.3,70.2,62.3,57.1,78.1
19-20,Bachelor's or equivalent degree-seekers attending 4-year institutions and completing bachelor's or equivalent degree (cohort year 2014),Public,Total,63.1,39.4,75.3,45.7,57.6,51.8,66.2,57.3,62.2,70.2
19-20,Bachelor's or equivalent degree-seekers attending 4-year institutions and completing bachelor's or equivalent degree (cohort year 2014),Public,Men,59.7,36.5,71.8,39.4,52.4,47.6,63,53.8,58.6,65.7
19-20,Bachelor's or equivalent degree-seekers attending 4-year institutions and completing bachelor's or equivalent degree (cohort year 2014),Public,Women,66,41.6,78.7,50.1,61.5,55.6,68.9,60.1,65.8,76.7
19-20,Bachelor's or equivalent degree-seekers attending 4-year institutions and completing bachelor's or equivalent degree (cohort year 2014),Private nonprofit,Total,68,49.6,81.7,46.5,64,59.5,71.3,66.2,56.2,75
19-20,Bachelor's or equivalent degree-seekers attending 4-year institutions and completing bachelor's or equivalent degree (cohort year 2014),Private nonprofit,Men,64.1,45,80.1,39.6,60.5,56.6,67.7,62.5,52.4,70.2
19-20,Bachelor's or equivalent degree-seekers attending 4-year institutions and completing bachelor's or equivalent degree (cohort year 2014),Private nonprofit,Women,71.2,53.2,82.9,52.3,66.5,61.7,74.1,68.8,59.3,80.2
19-20,Bachelor's or equivalent degree-seekers attending 4-year institutions and completing bachelor's or equivalent degree (cohort year 2014),Private for-profit,Total,29,21.3,52.7,19.7,35.9,18.6,31.3,31.1,16.8,61.4
19-20,Bachelor's or equivalent degree-seekers attending 4-year institutions and completing bachelor's or equivalent degree (cohort year 2014),Private for-profit,Men,30.5,20.2,47.3,19.8,37,20,35,33.30000000000001,18.7,52
19-20,Bachelor's or equivalent degree-seekers attending 4-year institutions and completing bachelor's or equivalent degree (cohort year 2014),Private for-profit,Women,27.5,22.3,58.3,19.6,34.6,17.5,27.5,29,14.8,69.9
19-20,Total 2-year institutions (cohort year 2017),Total,Total,35.9,36.5,44.3,28,34.30000000000001,35.6,38.80000000000001,30.6,38.7,40.30000000000001
19-20,Total 2-year institutions (cohort year 2017),Total,Men,34.2,35.80000000000001,39.80000000000001,25.7,30.8,31.9,38.30000000000001,28.9,33.9,37.30000000000001
19-20,Total 2-year institutions (cohort year 2017),Total,Women,37.5,37,49.1,29.9,37.30000000000001,39.2,39.30000000000001,32.1,42.6,43.7
19-20,Total 2-year institutions (cohort year 2017),Public,Total,30.8,28.9,39.6,20.8,26.8,21.9,35.2,26,27,38.2
19-20,Total 2-year institutions (cohort year 2017),Public,Men,29.7,28.9,36.1,19.6,24,20.3,35,24.8,27.1,34.9
19-20,Total 2-year institutions (cohort year 2017),Public,Women,31.8,28.9,43.6,22.1,29.4,23.7,35.4,27.2,26.9,42
19-20,Total 2-year institutions (cohort year 2017),Private nonprofit,Total,54.5,41.6,84.2,37.5,61.9,45.9,64.5,46.8,49.1,70.2
19-20,Total 2-year institutions (cohort year 2017),Private nonprofit,Men,54.8,35.80000000000001,70.1,35.9,62.7,53.8,66.3,42.7,37.9,67.9
19-20,Total 2-year institutions (cohort year 2017),Private nonprofit,Women,54.4,45.5,89.8,38.2,61.4,41.7,63.5,49,51.3,72.5
19-20,Total 2-year institutions (cohort year 2017),Private for-profit,Total,63.2,64.9,76.9,50.1,69,68.1,66.6,58.7,66.5,67.8
19-20,Total 2-year institutions (cohort year 2017),Private for-profit,Men,63.2,65,76.4,50.7,67.8,65,66.6,56.8,64.4,74.3
19-20,Total 2-year institutions (cohort year 2017),Private for-profit,Women,63.2,64.7,77.2,49.8,69.8,70.4,66.5,60.3,67.5,61.1
19-20,Less-than-2-year institutions (cohort year 2017),Total,Total,69.3,NA,NA,NA,NA,NA,NA,NA,NA,NA
19-20,Less-than-2-year institutions (cohort year 2017),Public,Total,71.2,NA,NA,NA,NA,NA,NA,NA,NA,NA
19-20,Less-than-2-year institutions (cohort year 2017),Private nonprofit,Total,74.3,NA,NA,NA,NA,NA,NA,NA,NA,NA
19-20,Less-than-2-year institutions (cohort year 2017),Private for-profit,Total,68.8,NA,NA,NA,NA,NA,NA,NA,NA,NA
20-21,All 4-year institutions (cohort year 2015)2,Total,Total,60.91862939,38.20645031000001,75.43058636,41.731843579999996,53.80516849,48.900494779999995,65.33712223,56.84669623,52.8672563,69.99380788
20-21,All 4-year institutions (cohort year 2015)2,Total,Men,57.515154280000004,34.97904052,71.93428840000001,35.837517549999994,48.95373444999999,47.34328357999999,62.22663881000001,53.159975870000004,50.37369818,65.29832347000001
20-21,All 4-year institutions (cohort year 2015)2,Total,Women,63.75174136,40.682508490000004,78.52975305,46.05299885,57.44804723,50.229240960000006,67.97970726,59.671828059999996,55.07634416,75.64041746000001
20-21,All 4-year institutions (cohort year 2015)2,Public,Total,59.2865248,36.278484549999995,73.47430213999999,41.63994679,51.407764179999994,46.457399099999996,63.4171366,54.40591482000001,59.58206131,67.00361827
20-21,All 4-year institutions (cohort year 2015)2,Public,Men,55.867308910000006,33.38577722,69.73182884,35.43735093000001,46.323129540000004,44.27131072000001,60.26296278000001,50.766029880000005,56.287267629999995,63.011527949999994
20-21,All 4-year institutions (cohort year 2015)2,Public,Women,62.21222325,38.591194970000004,77.07755256,46.056130370000005,55.33908915999999,48.55136084,66.17853670999997,57.2710016,62.752045900000006,72.31385361000001
20-21,All 4-year institutions (cohort year 2015)2,Private nonprofit,Total,67.62927870999998,47.50747756999999,81.70011018000001,45.75706254999999,63.38145107999999,56.58436214,71.22195128000001,65.04932018000001,59.768973450000004,75.28478222999999
20-21,All 4-year institutions (cohort year 2015)2,Private nonprofit,Men,63.84379331,43.12138728,79.73720054000002,38.861834429999995,59.28630099000001,55.963302750000004,68.050915,61.002039780000004,55.46426562,70.1519337
20-21,All 4-year institutions (cohort year 2015)2,Private nonprofit,Women,70.65751442000001,50.832602980000004,83.10246135999999,51.34553283000001,66.26878156999999,57.08955224000001,73.77780248,67.95894052,63.50151264000001,80.64144144000001
20-21,All 4-year institutions (cohort year 2015)2,Private for-profit,Total,37.77282347,31.557377050000003,63.205192210000014,25.63009213,49.720105740000015,44.266055050000006,40.817809139999994,38.66004963,23.25868091,59.603035610000006
20-21,All 4-year institutions (cohort year 2015)2,Private for-profit,Men,37.05423254,27.091633469999998,63.05418718999999,25.371674490000004,47.19146366,44.59459459,41.218637990000005,40.352941179999995,23.522402289999995,50.29868578000001
20-21,All 4-year institutions (cohort year 2015)2,Private for-profit,Women,38.25919705,33.88773389,63.30814442,25.79478868,51.3109563,44.097222220000006,40.544550140000005,37.4248927,23.058866020000004,68.49315068000003
20-21,Bachelor's or equivalent degree-seekers attending 4-year institutions and completing bachelor's or equivalent degree (cohort year 2015),Total,Total,64.56924508000002,43.42681858,77.75885269999999,45.72686352,59.162665780000005,53.531329230000004,67.90903194,60.099857820000004,57.94121234000001,72.61771466000002
20-21,Bachelor's or equivalent degree-seekers attending 4-year institutions and completing bachelor's or equivalent degree (cohort year 2015),Total,Men,61.16245516000001,38.979591840000005,74.56494249,39.307499889999995,54.49001101,52.521334370000005,64.83890602,56.346183149999995,55.33677137,67.84552955000001
20-21,Bachelor's or equivalent degree-seekers attending 4-year institutions and completing bachelor's or equivalent degree (cohort year 2015),Total,Women,67.40760728000002,46.77419355,80.57789746,50.43801263000001,62.63485806,54.41576087,70.50965810999999,62.97832564000001,60.23488393,78.40860916000001
20-21,Bachelor's or equivalent degree-seekers attending 4-year institutions and completing bachelor's or equivalent degree (cohort year 2015),Public,Total,63.63861138000001,41.736863220000004,76.30404335,46.150316090000004,58.099156410000006,53.03643725,66.64916882,58.27703109,65.93281766000001,70.87150095
20-21,Bachelor's or equivalent degree-seekers attending 4-year institutions and completing bachelor's or equivalent degree (cohort year 2015),Public,Men,60.38728847999999,37.746478870000004,72.90930506000001,39.89538206,53.180003559999996,51.44578313,63.641961869999996,54.69007131000001,62.770803240000006,66.52649284999998
20-21,Bachelor's or equivalent degree-seekers attending 4-year institutions and completing bachelor's or equivalent degree (cohort year 2015),Public,Women,66.39136845,44.71288515,79.55226557,50.43310876,61.7771816,54.50500556,69.25714621,61.076152560000004,68.93316466000003,76.82372202999998
20-21,Bachelor's or equivalent degree-seekers attending 4-year institutions and completing bachelor's or equivalent degree (cohort year 2015),Private nonprofit,Total,68.52486882,50.776583030000005,82.05506222999999,47.453862619999995,64.12992662,57.82997763,71.70367305,65.84144645,61.00366507,75.56703265
20-21,Bachelor's or equivalent degree-seekers attending 4-year institutions and completing bachelor's or equivalent degree (cohort year 2015),Private nonprofit,Men,64.65616141,44.75138122,80.19598154999998,40.10790565,60.20676875,57.43073048,68.46254192,61.58221987,56.60167818,70.54784824000001
20-21,Bachelor's or equivalent degree-seekers attending 4-year institutions and completing bachelor's or equivalent degree (cohort year 2015),Private nonprofit,Women,71.62514340999999,55.368421049999995,83.38130764,53.533340710000004,66.93388171,58.14889336,74.31046801,68.93241167000001,64.70771467000002,80.79646018000001
20-21,Bachelor's or equivalent degree-seekers attending 4-year institutions and completing bachelor's or equivalent degree (cohort year 2015),Private for-profit,Total,29.76411245,22.58064516,57.61024182,20.622119819999998,37.92213884000002,31.88405797,32.59519868000001,30.32608696,15.60863189,60.488245930000005
20-21,Bachelor's or equivalent degree-seekers attending 4-year institutions and completing bachelor's or equivalent degree (cohort year 2015),Private for-profit,Men,31.54399125,20.930232559999997,54.20560748,22.182821120000003,36.97967086,35.48387097,36.19067978,36.06911447,18.451242829999995,50.81300813
20-21,Bachelor's or equivalent degree-seekers attending 4-year institutions and completing bachelor's or equivalent degree (cohort year 2015),Private for-profit,Women,28.155888170000004,24,60.471204189999995,19.13857678,38.80800728,28.947368420000004,29.221821100000003,24.507658640000002,13.39052592,68.24104235
20-21,All 2-year institutions (cohort year 2018),Total,Total,36.34191734,35.627128260000006,45.35605637,28.87151392,33.7469818,32.114761679999994,39.477569259999996,31.197364970000002,41.24018769,41.67982318
20-21,All 2-year institutions (cohort year 2018),Total,Men,34.46781556,33.15182574999999,40.990697399999995,26.49908778,30.07471272,30,39.047040849999995,29.80677859,33.799606260000004,37.17129698
20-21,All 2-year institutions (cohort year 2018),Total,Women,38.0645667,37.59551707000001,50.159744409999995,30.833850330000004,36.864302190000004,34.076717220000006,39.905340820000006,32.44375044,46.70012165,46.79130874000001
20-21,All 2-year institutions (cohort year 2018),Public,Total,31.411537420000002,27.36842105,41.66812258000001,21.434347199999998,27.19956254,21.23893805,35.91499579,26.92663175,28.617203080000003,39.3982808
20-21,All 2-year institutions (cohort year 2018),Public,Men,30.226426959999998,26.55860349,38.00065125,20.0515132,24.274763710000002,20.621118010000004,35.721278520000006,25.776426139999998,26.890185960000004,34.89616111
20-21,All 2-year institutions (cohort year 2018),Public,Women,32.57186751999999,28.0595956,45.91375151,22.72617902,29.803729279999995,21.87902188,36.11276417,27.978096039999997,30.522689829999994,44.59165154
20-21,All 2-year institutions (cohort year 2018),Private nonprofit,Total,61.06219042000001,41.218637990000005,76.23574144,53.074295469999996,66.86346863,46.66666667,66.03902773,55.62310030000001,56.335754640000005,87.76371308000002
20-21,All 2-year institutions (cohort year 2018),Private nonprofit,Men,64.77356180999999,38.55421687,72.34042553,55.24296675,66.14310646000001,50,73.43373494000001,48.46153846,49.23076923000001,86.84210526000001
20-21,All 2-year institutions (cohort year 2018),Private nonprofit,Women,59.61152043,42.34693878,77.66233765999999,52.3497579,67.39130435,44.82758621,63.10377810000001,60.301507539999996,57.66283525000001,88.61788618
20-21,All 2-year institutions (cohort year 2018),Private for-profit,Total,61.16833981000001,62.564766840000004,74.45421962000003,49.14225941,65.17266975,63.10861423000001,65.73855121,55.46768475999999,62.327127659999995,70.26548672999999
20-21,All 2-year institutions (cohort year 2018),Private for-profit,Men,60.51249788,57.50394944999999,71.03548153999999,49.71067295,62.600264429999996,63.01369863,65.95006935,54.88767455999999,56.72570608000001,70.88122605000001
20-21,All 2-year institutions (cohort year 2018),Private for-profit,Women,61.63736416,66.08122942000003,77.25118483,48.77814388000001,66.89484244,63.17460317,65.54309516000001,55.940594059999995,64.48167925000001,69.73684210999998
20-21,Less-than-2-year institutions (cohort year 2018),Total,Total,68.58242846,NA,NA,NA,NA,NA,NA,NA,NA,NA
20-21,Less-than-2-year institutions (cohort year 2018),Public,Total,70.35857034999998,NA,NA,NA,NA,NA,NA,NA,NA,NA
20-21,Less-than-2-year institutions (cohort year 2018),Private nonprofit,Total,72.55982097,NA,NA,NA,NA,NA,NA,NA,NA,NA
20-21,Less-than-2-year institutions (cohort year 2018),Private for-profit,Total,68.11216457,NA,NA,NA,NA,NA,NA,NA,NA,NA
21-22,All 4-year institutions1 (cohort year 2016),Total,Total,61.1,37.8,75.8,42.5,54.1,47.4,65.4,57,54,70.7
21-22,All 4-year institutions1 (cohort year 2016),Total,Women,64.1,40.8,78.9,47.1,57.7,51.3,68.3,59.9,56.3,75.4
21-22,All 4-year institutions1 (cohort year 2016),Total,Men,57.6,34,72.2,36.4,49.2,42.8,62.1,53.3,51.3,66.7
21-22,All 4-year institutions1 (cohort year 2016),Public,Total,59.2,36.7,73.7,42.1,51.7,44.2,63.3,54.5,57.5,67.3
21-22,All 4-year institutions1 (cohort year 2016),Public,Women,62.1,39.3,77,46.6,55.6,48.2,66.1,57.2,59.5,71.6
21-22,All 4-year institutions1 (cohort year 2016),Public,Men,55.8,33.3,70.2,35.7,46.6,40,60,51,55.3,64.1
21-22,All 4-year institutions1 (cohort year 2016),Private nonprofit,Total,67.8,42.2,82.2,46,63.3,56.1,71.5,65.9,58.5,76.5
21-22,All 4-year institutions1 (cohort year 2016),Private nonprofit,Women,70.9,46,84,51.6,66.1,60.8,74.3,68.9,61.7,81.2
21-22,All 4-year institutions1 (cohort year 2016),Private nonprofit,Men,63.8,37.6,79.5,39.1,59.3,50,68,61.7,54.6,72
21-22,All 4-year institutions1 (cohort year 2016),Private for-profit,Total,42.5,35.7,69.9,31.2,52.3,44.5,44.9,39.2,28.8,62.2
21-22,All 4-year institutions1 (cohort year 2016),Private for-profit,Women,43.7,39.9,70.8,32.4,54.3,45.1,45.1,40,28.2,68.5
21-22,All 4-year institutions1 (cohort year 2016),Private for-profit,Men,40.8,27.3,68.7,29.6,49.3,43.4,44.6,38.3,29.4,54
21-22,Bachelor's or equivalent degree-seekers attending 4-year institutions and completing bachelor's or equivalent degree (cohort year 2016),Total,Total,64.6,42.6,78,45.9,59.3,51.6,68,60.5,58.1,72.9
21-22,Bachelor's or equivalent degree-seekers attending 4-year institutions and completing bachelor's or equivalent degree (cohort year 2016),Total,Women,67.5,45.3,80.9,50.9,62.7,55.6,70.7,63.3,60.5,77.7
21-22,Bachelor's or equivalent degree-seekers attending 4-year institutions and completing bachelor's or equivalent degree (cohort year 2016),Total,Men,61.1,39,74.7,39.2,54.6,46.8,64.7,56.7,55.2,68.7
21-22,Bachelor's or equivalent degree-seekers attending 4-year institutions and completing bachelor's or equivalent degree (cohort year 2016),Public,Total,63.5,41.8,76.5,46.2,58.1,50.5,66.5,58.5,63.3,70.5
21-22,Bachelor's or equivalent degree-seekers attending 4-year institutions and completing bachelor's or equivalent degree (cohort year 2016),Public,Women,66.2,44,79.6,50.6,61.8,54.1,69.2,61.2,64.9,75.3
21-22,Bachelor's or equivalent degree-seekers attending 4-year institutions and completing bachelor's or equivalent degree (cohort year 2016),Public,Men,60.2,38.9,73.3,39.7,53.2,46.5,63.4,55.1,61.6,66.9
21-22,Bachelor's or equivalent degree-seekers attending 4-year institutions and completing bachelor's or equivalent degree (cohort year 2016),Private nonprofit,Total,68.6,47.2,82.5,47.3,64.4,56.7,72,66.6,59.4,76.7
21-22,Bachelor's or equivalent degree-seekers attending 4-year institutions and completing bachelor's or equivalent degree (cohort year 2016),Private nonprofit,Women,71.9,51.8,84.2,53.7,67.2,61.4,74.7,69.7,62.8,81.3
21-22,Bachelor's or equivalent degree-seekers attending 4-year institutions and completing bachelor's or equivalent degree (cohort year 2016),Private nonprofit,Men,64.5,41.5,80,39.7,60.4,50.5,68.4,62.3,55.2,72.3
21-22,Bachelor's or equivalent degree-seekers attending 4-year institutions and completing bachelor's or equivalent degree (cohort year 2016),Private for-profit,Total,33.6,21.5,61.4,24.3,39,27.8,35,31.8,23.2,61.6
21-22,Bachelor's or equivalent degree-seekers attending 4-year institutions and completing bachelor's or equivalent degree (cohort year 2016),Private for-profit,Women,32.8,21.3,62,24.5,38.7,29.4,31.8,31,20.7,68.2
21-22,Bachelor's or equivalent degree-seekers attending 4-year institutions and completing bachelor's or equivalent degree (cohort year 2016),Private for-profit,Men,34.5,21.7,60.8,24.1,39.3,25.9,38.2,32.7,25.5,51.9
21-22,All 2-year institutions (cohort year 2019),Total,Total,35.5,31.3,45.3,27.1,32.6,29.4,39.4,30.2,37.4,41
21-22,All 2-year institutions (cohort year 2019),Total,Women,37,32.1,49.8,28.8,35.5,30.7,40.1,31.5,40.1,45.6
21-22,All 2-year institutions (cohort year 2019),Total,Men,33.8,30.4,41.1,24.9,29.2,27.9,38.8,28.8,34.5,36.8
21-22,All 2-year institutions (cohort year 2019),Public,Total,31.2,26.4,42.3,20.7,26.9,22.5,36.1,26.9,29,39.9
21-22,All 2-year institutions (cohort year 2019),Public,Women,32.4,27.2,46.5,21.7,29.3,23.2,36.5,28.3,30.6,44.6
21-22,All 2-year institutions (cohort year 2019),Public,Men,30,25.5,38.6,19.6,24,21.7,35.7,25.3,27.6,35.8
21-22,All 2-year institutions (cohort year 2019),Private nonprofit,Total,58,44.2,85.5,44.9,61.8,51.9,65.9,48.1,58.4,74.1
21-22,All 2-year institutions (cohort year 2019),Private nonprofit,Women,57.3,45.7,84,45.3,59.9,45.7,64.9,48.8,58.7,72
21-22,All 2-year institutions (cohort year 2019),Private nonprofit,Men,60,38.6,88.4,43.6,64.1,87.5,68.6,47.1,56.9,77.1
21-22,All 2-year institutions (cohort year 2019),Private for-profit,Total,56.4,50.6,67.9,45.5,61,49.7,62.2,49.8,50.9,57.7
21-22,All 2-year institutions (cohort year 2019),Private for-profit,Women,56.7,50.6,68.8,45.3,62.3,49.4,62.5,49.6,52.4,55.3
21-22,All 2-year institutions (cohort year 2019),Private for-profit,Men,56,50.5,66.5,45.8,58.9,50.2,61.8,50.1,48.9,61.9
21-22,All less-than-2-year institutions (cohort year 2019),Total,Total,65.2,NA,NA,NA,NA,NA,NA,NA,NA,NA
21-22,All less-than-2-year institutions (cohort year 2019),Public,Total,66.8,NA,NA,NA,NA,NA,NA,NA,NA,NA
21-22,All less-than-2-year institutions (cohort year 2019),Private nonprofit,Total,68.2,NA,NA,NA,NA,NA,NA,NA,NA,NA
21-22,All less-than-2-year institutions (cohort year 2019),Private for-profit,Total,64.9,NA,NA,NA,NA,NA,NA,NA,NA,NA
22-23,All 4-year institutions1 (cohort year 2017),Total,Total,61,37.9,75.8,41.8,53.4,48.8,65.6,57.2,54.9,71.1
22-23,All 4-year institutions1 (cohort year 2017),Total,Men,57.3,34,72.1,35.8,48.3,46.5,62.1,53.5,51.3,67.4
22-23,All 4-year institutions1 (cohort year 2017),Total,Women,64,40.8,79.1,46.3,57.2,50.7,68.5,60,58.1,75.4
22-23,All 4-year institutions1 (cohort year 2017),Public,Total,58.8,34.8,73.9,40.5,50.9,45.5,63.4,54.6,56.3,67.3
22-23,All 4-year institutions1 (cohort year 2017),Public,Men,55.2,31.3,70.2,34.4,45.5,43.6,59.9,51.2,53,64.4
22-23,All 4-year institutions1 (cohort year 2017),Public,Women,61.8,37.5,77.5,44.8,54.9,47.3,66.5,57.3,59.4,70.9
22-23,All 4-year institutions1 (cohort year 2017),Private nonprofit,Total,67.8,48.2,81.8,46.7,62.6,53.7,71.5,65.6,59.9,77
22-23,All 4-year institutions1 (cohort year 2017),Private nonprofit,Men,63.8,42.8,79.2,39.5,58.2,50.4,68.1,61.4,55.2,72.6
22-23,All 4-year institutions1 (cohort year 2017),Private nonprofit,Women,71.1,52.3,83.6,52.6,65.7,56.5,74.3,68.6,63.8,81.6
22-23,All 4-year institutions1 (cohort year 2017),Private for-profit,Total,44.4,39,65.1,31.7,54.5,52.5,45.4,41.9,32.8,64.2
22-23,All 4-year institutions1 (cohort year 2017),Private for-profit,Men,42.9,36.2,61.5,31.9,53.1,53,44.7,41.8,28.3,58.8
22-23,All 4-year institutions1 (cohort year 2017),Private for-profit,Women,45.4,40.4,68,31.5,55.5,52.3,45.9,42,36,69.1
22-23,Bachelor's or equivalent degree-seekers attending 4-year institutions and completing bachelor's or equivalent degree (cohort year 2017),Total,Total,64.5,41.3,78.3,45.4,58.6,50.5,68.1,60.5,58.8,73.5
22-23,Bachelor's or equivalent degree-seekers attending 4-year institutions and completing bachelor's or equivalent degree (cohort year 2017),Total,Men,60.9,37.8,75,38.7,53.7,49.6,64.7,56.9,55.5,69.6
22-23,Bachelor's or equivalent degree-seekers attending 4-year institutions and completing bachelor's or equivalent degree (cohort year 2017),Total,Women,67.5,43.7,81.1,50.3,62.2,51.2,71,63.2,61.7,78
22-23,Bachelor's or equivalent degree-seekers attending 4-year institutions and completing bachelor's or equivalent degree (cohort year 2017),Public,Total,63.4,40.2,77,45.1,57.6,52.6,66.8,58.8,62.9,71.1
22-23,Bachelor's or equivalent degree-seekers attending 4-year institutions and completing bachelor's or equivalent degree (cohort year 2017),Public,Men,59.9,36.2,73.6,38.6,52.4,51,63.4,55.5,60.2,67.9
22-23,Bachelor's or equivalent degree-seekers attending 4-year institutions and completing bachelor's or equivalent degree (cohort year 2017),Public,Women,66.3,43.1,80.1,49.5,61.4,54.2,69.7,61.3,65.3,75.3
22-23,Bachelor's or equivalent degree-seekers attending 4-year institutions and completing bachelor's or equivalent degree (cohort year 2017),Private nonprofit,Total,68.5,50.4,82.2,47.6,63.3,54.5,72,66.2,60.9,77
22-23,Bachelor's or equivalent degree-seekers attending 4-year institutions and completing bachelor's or equivalent degree (cohort year 2017),Private nonprofit,Men,64.4,45.6,79.7,40,58.9,51.1,68.4,61.8,56.1,72.6
22-23,Bachelor's or equivalent degree-seekers attending 4-year institutions and completing bachelor's or equivalent degree (cohort year 2017),Private nonprofit,Women,71.8,54,83.9,54.1,66.4,57.4,74.8,69.4,64.9,81.6
22-23,Bachelor's or equivalent degree-seekers attending 4-year institutions and completing bachelor's or equivalent degree (cohort year 2017),Private for-profit,Total,32.3,10.6,55.5,25.7,36.9,14.2,33.1,29.6,20,63.5
22-23,Bachelor's or equivalent degree-seekers attending 4-year institutions and completing bachelor's or equivalent degree (cohort year 2017),Private for-profit,Men,34.7,17.2,55.8,27.3,38.9,23.2,37.2,32.8,21,56.9
22-23,Bachelor's or equivalent degree-seekers attending 4-year institutions and completing bachelor's or equivalent degree (cohort year 2017),Private for-profit,Women,30.1,7,55.2,24,35.2,9.9,29.2,26.4,19.1,69.2
22-23,All 2-year institutions (cohort year 2020),Total,Total,39.4,38.4,47.7,32.8,37.2,38.8,42.3,34.8,41.1,43.2
22-23,All 2-year institutions (cohort year 2020),Total,Men,39,39,44.5,30.8,36.1,40.4,42.7,35,38.1,39.6
22-23,All 2-year institutions (cohort year 2020),Total,Women,39.7,37.9,51,34.1,38.1,37.7,41.9,34.6,43.6,46.8
22-23,All 2-year institutions (cohort year 2020),Public,Total,33.8,29.1,44.2,24,29.6,26.4,38.1,29.9,30.2,40.6
22-23,All 2-year institutions (cohort year 2020),Public,Men,33.9,31.5,41.4,23.3,28.2,29.9,38.9,29.9,29.9,37.4
22-23,All 2-year institutions (cohort year 2020),Public,Women,33.8,27.4,47.2,24.5,30.7,23.6,37.3,30,30.5,43.8
22-23,All 2-year institutions (cohort year 2020),Private nonprofit,Total,58.5,51,83.9,47.2,63.2,46.1,67.2,46.3,64.4,93.3
22-23,All 2-year institutions (cohort year 2020),Private nonprofit,Men,57,36.5,83.3,38.9,65.5,56.3,68,38.1,63.1,92.2
22-23,All 2-year institutions (cohort year 2020),Private nonprofit,Women,58.8,53.6,84.2,48.8,61.8,44.4,67,51.2,64.5,94.6
22-23,All 2-year institutions (cohort year 2020),Private for-profit,Total,60,59.1,71.5,48.4,64.9,61.4,65,55.9,55.6,70.1
22-23,All 2-year institutions (cohort year 2020),Private for-profit,Men,62,59.9,73,51.7,66.4,66.8,66.1,58.5,52.3,66.1
22-23,All 2-year institutions (cohort year 2020),Private for-profit,Women,58.5,58.6,70.4,46.7,63.9,58.8,64,53.8,58.1,72.1
22-23,Less-than-2-year institutions (cohort year 2020),Total,Total,68.6,NA,NA,NA,NA,NA,NA,NA,NA,NA
22-23,Less-than-2-year institutions (cohort year 2020),Public,Total,71.9,NA,NA,NA,NA,NA,NA,NA,NA,NA
22-23,Less-than-2-year institutions (cohort year 2020),Private nonprofit,Total,67.7,NA,NA,NA,NA,NA,NA,NA,NA,NA
22-23,Less-than-2-year institutions (cohort year 2020),Private for-profit,Total,68.1,NA,NA,NA,NA,NA,NA,NA,NA,NA
23-24,All 4-year institutions1 (cohort year 2018),Total,Total,61,37.4,76.1,42.2,53.1,47.5,65.5,57,54.9,71.2
23-24,All 4-year institutions1 (cohort year 2018),Total,Men,57.3,34.7,72.5,35.9,48.2,43.9,62,53.3,51,67.4
23-24,All 4-year institutions1 (cohort year 2018),Total,Women,64,39.4,79.3,46.7,56.7,50.5,68.5,59.8,58.4,75.4
23-24,All 4-year institutions1 (cohort year 2018),Public,Total,58.9,34.6,74.3,41.3,50.5,44.6,63.6,54.7,57,67.6
23-24,All 4-year institutions1 (cohort year 2018),Public,Men,55.3,32.3,70.5,34.8,45.2,41.6,60,51.1,53.2,64.9
23-24,All 4-year institutions1 (cohort year 2018),Public,Women,61.9,36.3,77.8,45.8,54.5,47.3,66.6,57.4,60.6,71
23-24,All 4-year institutions1 (cohort year 2018),Private nonprofit,Total,67.7,47.8,82,46.4,63.1,54.4,71.2,64.6,59.2,76.5
23-24,All 4-year institutions1 (cohort year 2018),Private nonprofit,Men,63.7,43.7,79.6,39.6,59.4,48.5,67.6,60.6,54.5,71.8
23-24,All 4-year institutions1 (cohort year 2018),Private nonprofit,Women,70.9,51,83.7,52.1,65.6,59,74.1,67.5,63.3,81.2
23-24,All 4-year institutions1 (cohort year 2018),Private for-profit,Total,42.9,34,64.4,30.6,51.7,45,43.3,41.4,35.7,65.3
23-24,All 4-year institutions1 (cohort year 2018),Private for-profit,Men,40.4,29.1,59.1,28.5,49.7,46.6,42.2,40.6,31.6,57
23-24,All 4-year institutions1 (cohort year 2018),Private for-profit,Women,44.7,36.7,67.8,32.2,53.1,44.1,44.1,42.1,38.9,72
23-24,Bachelor's or equivalent degree-seekers attending 4-year institutions and completing bachelor's or equivalent degree (cohort year 2018),Total,Total,64.8,41.9,78.6,45.6,59.1,52,68.2,60.7,59.3,73.6
23-24,Bachelor's or equivalent degree-seekers attending 4-year institutions and completing bachelor's or equivalent degree (cohort year 2018),Total,Men,61.1,39.4,75.3,38.8,54.5,47.9,64.7,57.1,55.6,69.7
23-24,Bachelor's or equivalent degree-seekers attending 4-year institutions and completing bachelor's or equivalent degree (cohort year 2018),Total,Women,67.7,43.7,81.5,50.5,62.4,55.4,71.1,63.4,62.7,78.1
23-24,Bachelor's or equivalent degree-seekers attending 4-year institutions and completing bachelor's or equivalent degree (cohort year 2018),Public,Total,63.8,40,77.4,45.7,58,51.8,67.1,59.3,64.2,71.6
23-24,Bachelor's or equivalent degree-seekers attending 4-year institutions and completing bachelor's or equivalent degree (cohort year 2018),Public,Men,60.4,37.7,74,38.9,52.9,48,63.7,55.9,60.8,68.6
23-24,Bachelor's or equivalent degree-seekers attending 4-year institutions and completing bachelor's or equivalent degree (cohort year 2018),Public,Women,66.7,41.6,80.7,50.1,61.7,55.1,70,61.9,67.3,75.4
23-24,Bachelor's or equivalent degree-seekers attending 4-year institutions and completing bachelor's or equivalent degree (cohort year 2018),Private nonprofit,Total,68.2,49.3,82.2,47.2,63.6,54.8,71.4,65.1,60,76.5
23-24,Bachelor's or equivalent degree-seekers attending 4-year institutions and completing bachelor's or equivalent degree (cohort year 2018),Private nonprofit,Men,64.1,46.5,79.9,39.9,60.1,49.2,67.7,61.1,55,71.8
23-24,Bachelor's or equivalent degree-seekers attending 4-year institutions and completing bachelor's or equivalent degree (cohort year 2018),Private nonprofit,Women,71.5,51.4,83.8,53.3,66.1,58.9,74.4,68,64.2,81.3
23-24,Bachelor's or equivalent degree-seekers attending 4-year institutions and completing bachelor's or equivalent degree (cohort year 2018),Private for-profit,Total,34,22.2,55,23.5,39.2,31.9,34.4,32.5,25.4,64.5
23-24,Bachelor's or equivalent degree-seekers attending 4-year institutions and completing bachelor's or equivalent degree (cohort year 2018),Private for-profit,Men,34.4,21.5,49,23.5,39,35.3,36.7,35.1,27.8,54
23-24,Bachelor's or equivalent degree-seekers attending 4-year institutions and completing bachelor's or equivalent degree (cohort year 2018),Private for-profit,Women,33.6,23,60.5,23.5,39.3,29.4,32.1,29.8,22.9,72.6
23-24,All 2-year institutions (cohort year 2021),Total,Total,42.7,40.6,49.7,35.3,41.5,42.8,45.5,38.2,43.9,43.3
23-24,All 2-year institutions (cohort year 2021),Total,Men,42,40.3,45.8,32.6,40,38.8,45.9,38.7,41.5,40.5
23-24,All 2-year institutions (cohort year 2021),Total,Women,43.3,40.8,53.8,37.2,42.8,45.9,45.1,37.7,45.8,46.5
23-24,All 2-year institutions (cohort year 2021),Public,Total,36.7,31.9,45.4,25.6,32.2,28.7,41.5,32.8,34.2,41.5
23-24,All 2-year institutions (cohort year 2021),Public,Men,36.8,33,42.7,24.7,31.2,28.1,42.2,33.1,33.9,38.9
23-24,All 2-year institutions (cohort year 2021),Public,Women,36.6,31,48.4,26.4,33.1,29.3,40.6,32.5,34.6,44.5
23-24,All 2-year institutions (cohort year 2021),Private nonprofit,Total,59.3,58.2,87.6,47.1,68.1,52.5,68.3,58.9,60.4,86.7
23-24,All 2-year institutions (cohort year 2021),Private nonprofit,Men,61,55.4,88.4,38.6,72.3,72.2,74.3,56.3,49.1,83
23-24,All 2-year institutions (cohort year 2021),Private nonprofit,Women,58.8,58.9,87.3,48.7,65.3,49,66.9,61.1,64.7,90.3
23-24,All 2-year institutions (cohort year 2021),Private for-profit,Total,64.6,59.5,77.3,53.4,70.2,65.5,67.8,60.1,59.7,69.3
23-24,All 2-year institutions (cohort year 2021),Private for-profit,Men,65.8,59.3,73,55.7,70.3,61.1,68.2,61.3,62.3,69.1
23-24,All 2-year institutions (cohort year 2021),Private for-profit,Women,63.7,59.6,80,52.2,70.2,68.2,67.3,58.9,58.4,69.3
23-24,Less-than-2-year institutions (cohort year 2021),Total,Total,71.2,NA,NA,NA,NA,NA,NA,NA,NA,NA
23-24,Less-than-2-year institutions (cohort year 2021),Public,Total,72.1,NA,NA,NA,NA,NA,NA,NA,NA,NA
23-24,Less-than-2-year institutions (cohort year 2021),Private nonprofit,Total,76,NA,NA,NA,NA,NA,NA,NA,NA,NA
23-24,Less-than-2-year institutions (cohort year 2021),Private for-profit,Total,70.8,NA,NA,NA,NA,NA,NA,NA,NA,NA
